Clase,Probabilidad
business,0.22930648769574943
entertainment,0.17337807606263983
politics,0.18736017897091722
sport,0.22986577181208054
tech,0.18008948545861297
