Clase,Probabilidad
business,0.22895622895622897
entertainment,0.1734006734006734
politics,0.18686868686868688
sport,0.23007856341189675
tech,0.18069584736251404
