Clase,Probabilidad
business,0.22895622895622897
entertainment,0.1745230078563412
politics,0.18686868686868688
sport,0.22951739618406286
tech,0.18013468013468015
