Clase,Probabilidad
business,0.22982062780269058
entertainment,0.17320627802690583
politics,0.18665919282511212
sport,0.22982062780269058
tech,0.1804932735426009
